{"0":{"color":6,"errors":5592574,"pairs":[[6,0],[8,9],[7,3],[4,6],[8,3],[8,4],[8,2],[4,4],[4,1],[7,0],[2,3],[8,0]],"size":5,"solutions":1315989,"spl":48,"time":6.71999979019165},"1":{"color":5,"errors":687193265,"pairs":[[3,5],[7,5],[3,4],[4,6],[8,2],[8,8],[5,3],[8,7],[6,7],[8,5]],"size":5,"solutions":20131364,"spl":32,"time":229.2899932861328},"10":{"color":5,"errors":3678304645,"pairs":[[9,3],[5,9],[7,5],[7,8],[8,2],[8,0],[7,2],[9,0],[2,1],[4,8]],"size":5,"solutions":1010018222,"spl":30,"time":5262.169921875},"11":{"color":7,"errors":1282176778,"pairs":[[2,2],[9,8],[6,2],[8,6],[3,2],[6,1],[3,5],[4,4],[2,3],[9,6],[6,8],[7,9],[4,1],[2,1]],"size":5,"solutions":7463960,"spl":47,"time":374.6307067871094},"12":{"color":7,"errors":4841756487,"pairs":[[9,9],[6,7],[4,1],[7,2],[6,5],[2,3],[3,3],[4,5],[4,0],[7,6],[4,8],[2,0],[5,1],[6,3]],"size":5,"solutions":176041029,"spl":41,"time":1978.697998046875},"13":{"color":6,"errors":23754008801,"pairs":[[6,1],[3,0],[9,6],[5,0],[4,2],[5,3],[5,7],[1,1],[8,6],[4,6],[4,0],[4,1]],"size":5,"solutions":1482007585,"spl":33,"time":11945.4521484375},"14":{"color":6,"errors":6261649153,"pairs":[[6,0],[7,7],[3,1],[2,4],[5,0],[9,6],[9,5],[7,4],[7,2],[8,4],[4,1],[4,0]],"size":5,"solutions":12529367202,"spl":33,"time":43820.73046875},"15":{"color":6,"errors":47366838078,"pairs":[[3,3],[4,1],[6,4],[7,7],[3,5],[8,9],[5,7],[6,7],[8,1],[3,4],[4,4],[5,3]],"size":5,"solutions":39419998104,"spl":26,"time":110007.9765625},"16":{"color":5,"errors":46160780119,"pairs":[[8,4],[9,1],[5,2],[5,4],[6,4],[0,0],[6,1],[7,6],[6,6],[5,5]],"size":5,"solutions":69889191138,"spl":31,"time":192468.609375},"17":{"color":5,"errors":859275569587,"pairs":[[4,5],[5,1],[5,9],[7,3],[9,2],[2,0],[6,1],[8,0],[2,1],[3,5]],"size":5,"solutions":25786381902,"spl":35,"time":230437.640625},"18":{"color":6,"errors":451806357,"pairs":[[9,1],[3,4],[5,3],[6,0],[7,6],[7,2],[6,2],[5,4],[9,5],[4,4],[4,2],[5,9]],"size":5,"solutions":336798,"spl":47,"time":109.92908477783203},"19":{"color":7,"errors":34148179,"pairs":[[8,7],[5,5],[7,9],[6,4],[8,1],[9,3],[3,4],[4,6],[7,3],[5,2],[6,6],[6,0],[9,2],[6,2]],"size":5,"solutions":75160397,"spl":38,"time":316.7499694824219},"2":{"color":6,"errors":1503762383,"pairs":[[6,7],[6,6],[9,3],[7,8],[4,8],[5,5],[9,7],[8,6],[3,2],[7,4],[4,1],[3,0]],"size":5,"solutions":13851176,"spl":23,"time":329.9599914550781},"20":{"color":5,"errors":4628700521,"pairs":[[6,7],[4,2],[8,1],[3,3],[9,6],[4,5],[9,8],[5,1],[4,1],[8,3]],"size":5,"solutions":13794,"spl":56,"time":1173.4254150390625},"21":{"color":7,"errors":85692856,"pairs":[[7,2],[7,8],[7,4],[3,4],[9,2],[7,0],[9,5],[8,7],[3,3],[5,6],[5,3],[5,1],[8,2],[4,7]],"size":5,"solutions":18497336,"spl":39,"time":99.62767791748047},"22":{"color":5,"errors":1405772278,"pairs":[[1,2],[9,6],[5,9],[5,1],[7,2],[6,8],[4,5],[7,4],[5,6],[7,1]],"size":5,"solutions":101037425,"spl":48,"time":766.3662109375},"23":{"color":7,"errors":733076360,"pairs":[[3,0],[6,6],[5,4],[7,2],[8,6],[8,4],[4,5],[7,0],[6,3],[4,7],[5,1],[8,2],[2,1],[1,1]],"size":5,"solutions":26021457,"spl":36,"time":311.9193420410156},"24":{"color":6,"errors":357041220,"pairs":[[4,8],[6,8],[9,4],[3,4],[4,3],[8,7],[7,5],[3,3],[8,9],[9,5],[6,7],[7,3]],"size":5,"solutions":31995,"spl":51,"time":96.57801818847656},"25":{"color":6,"errors":998754989,"pairs":[[7,4],[4,4],[5,7],[7,3],[6,6],[9,2],[5,1],[8,8],[3,1],[9,1],[3,6],[4,1]],"size":5,"solutions":11783487,"spl":43,"time":298.1603088378906},"26":{"color":7,"errors":180105998,"pairs":[[0,0],[1,1],[1,2],[8,2],[2,1],[5,5],[8,4],[3,2],[6,0],[9,0],[8,1],[6,6],[4,5],[7,2]],"size":5,"solutions":5284,"spl":55,"time":46.59912109375},"27":{"color":6,"errors":12582715,"pairs":[[9,9],[7,4],[4,3],[9,0],[8,4],[6,2],[8,7],[7,3],[5,6],[5,4],[3,2],[9,2]],"size":5,"solutions":23190509,"spl":40,"time":97.25624084472656},"28":{"color":7,"errors":550894448,"pairs":[[5,7],[6,3],[8,7],[5,1],[5,5],[1,1],[8,2],[7,1],[8,6],[9,5],[6,9],[3,4],[3,3],[6,7]],"size":5,"solutions":11478731,"spl":36,"time":192.84585571289063},"29":{"color":7,"errors":78719721,"pairs":[[9,0],[3,3],[9,6],[9,9],[7,7],[8,3],[9,1],[8,4],[4,0],[9,5],[4,3],[7,8],[4,7],[5,3]],"size":5,"solutions":100200,"spl":53,"time":21.614330291748047},"3":{"color":5,"errors":405401006,"pairs":[[7,4],[9,4],[8,3],[9,9],[7,0],[4,1],[4,3],[5,7],[8,1],[4,6]],"size":5,"solutions":165209439,"spl":30,"time":715.030029296875},"30":{"color":5,"errors":2357015131,"pairs":[[5,6],[7,0],[3,2],[6,3],[6,4],[8,9],[5,1],[5,4],[6,0],[6,8]],"size":5,"solutions":6256725,"spl":43,"time":607.3651733398438},"31":{"color":6,"errors":7972458,"pairs":[[4,2],[5,2],[6,2],[9,1],[7,2],[7,6],[9,7],[5,7],[5,9],[7,1],[9,0],[5,4]],"size":5,"solutions":10008,"spl":56,"time":2.1143860816955566},"32":{"color":7,"errors":161182161,"pairs":[[7,7],[4,8],[5,5],[6,2],[3,0],[7,6],[7,9],[7,8],[5,3],[6,6],[1,1],[5,4],[9,0],[8,6]],"size":5,"solutions":2518806,"spl":51,"time":56.57398223876953},"33":{"color":6,"errors":687978318,"pairs":[[6,0],[3,3],[9,9],[6,9],[8,5],[1,0],[7,7],[5,2],[7,3],[4,6],[7,5],[8,8]],"size":5,"solutions":4009200,"spl":45,"time":192.0775604248047},"34":{"color":5,"errors":1259944170,"pairs":[[3,6],[8,2],[9,8],[9,2],[3,3],[4,3],[5,3],[9,7],[8,8],[5,2]],"size":5,"solutions":2302722,"spl":53,"time":327.26165771484375},"35":{"color":6,"errors":1243542916,"pairs":[[9,7],[2,3],[3,4],[6,7],[6,6],[4,7],[7,2],[5,7],[6,4],[1,1],[1,0],[9,6]],"size":5,"solutions":36536,"spl":56,"time":331.16546630859375},"36":{"color":7,"errors":82446376,"pairs":[[6,7],[3,1],[5,1],[6,5],[8,0],[9,6],[8,6],[8,1],[2,1],[7,4],[4,5],[0,0],[7,0],[6,4]],"size":5,"solutions":303576,"spl":48,"time":24.02777671813965},"37":{"color":8,"errors":4386844,"pairs":[[7,1],[5,0],[7,6],[5,6],[6,4],[7,7],[8,9],[9,5],[1,0],[8,1],[3,5],[2,3],[9,1],[4,1],[7,4],[7,3]],"size":5,"solutions":158688,"spl":49,"time":1.9773999452590942},"4":{"color":6,"errors":241865329,"pairs":[[5,7],[6,5],[9,3],[5,2],[8,4],[8,3],[6,4],[7,3],[9,5],[7,8],[6,3],[9,9]],"size":5,"solutions":255912588,"spl":28,"time":1104.989990234375},"5":{"color":5,"errors":5361476331,"pairs":[[7,1],[6,0],[8,4],[3,4],[9,8],[4,3],[4,0],[4,6],[6,6],[8,5]],"size":5,"solutions":109343168,"spl":30,"time":1568.3399658203125},"6":{"color":5,"errors":8950248551,"pairs":[[9,1],[9,7],[8,4],[8,1],[2,3],[6,7],[8,7],[4,1],[2,0],[4,7]],"size":5,"solutions":14464116,"spl":30,"time":1846.1099853515625},"7":{"color":5,"errors":1284087253,"pairs":[[8,3],[2,4],[9,9],[5,7],[7,1],[9,6],[6,5],[8,9],[6,8],[4,7]],"size":5,"solutions":409100550,"spl":36,"time":1970.2000732421875},"8":{"color":6,"errors":16518554205,"pairs":[[9,3],[9,1],[4,6],[2,0],[2,3],[7,0],[6,2],[2,1],[9,8],[3,3],[5,8],[8,6]],"size":5,"solutions":204862,"spl":40,"time":3199.800048828125},"9":{"color":5,"errors":19975056500,"pairs":[[8,4],[6,6],[4,4],[4,6],[3,3],[3,6],[8,7],[4,3],[6,9],[9,2]],"size":5,"solutions":89983599,"spl":27,"time":4586.02001953125}}